Question number/numéro de la question,English,Français,IndicatorENG,IndicatorFRA,IndicatorID,SubIndicatorENG,SubIndicatorFRA,
Q01,Question 1. I have the materials and equipment I need to do my job.,Question 1. Je dispose du matériel et de l’équipement dont j’ai besoin pour faire mon travail.,WORKPLACE,MILIEU DE TRAVAIL,4,Physical environment and equipment,Environnement physique et équipement,13
Q02,"Question 2. When I prepare written materials, including emails, I feel free to use the official language of my choice.","Question 2. Lorsque je rédige des documents, y compris des courriels, je me sens libre de le faire dans la langue officielle de mon choix.",WORKPLACE,MILIEU DE TRAVAIL,4,Use of official languages,Utilisation des langues officielles,14
Q03,"Question 3. My physical environment (e.g., office, workspace) is suitable for my job requirements.","Question 3. Mon environnement physique (p. ex., bureau, espace de travail) est adapté aux exigences de mon travail.",WORKPLACE,MILIEU DE TRAVAIL,4,Physical environment and equipment,Environnement physique et équipement,13
Q04,Question 4. I get the training I need to do my job.,Question 4. Je reçois la formation dont j'ai besoin pour faire mon travail.,WORKFORCE,EFFECTIF,3,Job fit and development,Compatibilité entre la personne et l'emploi et perfectionnement,5
Q05,"Question 5. I have the information, training and equipment I need to ensure my health and safety at work.","Question 5. J’ai l’information, la formation et l’équipement dont j’ai besoin pour assurer ma santé et ma sécurité au travail.",WORKPLACE,MILIEU DE TRAVAIL,4,Physical environment and equipment,Environnement physique et équipement,13
Q06,Question 6. I have support at work to balance my work and personal life.,Question 6. Je reçois du soutien au travail pour concilier mon travail et ma vie personnelle.,WORKFORCE,EFFECTIF,3,Work-life balance and workload,Équilibre travail-vie privée et charge de travail,7
Q07,Question 7. I get a sense of satisfaction from my work.,Question 7. Je tire de la satisfaction de mon travail.,EMPLOYEE ENGAGEMENT,MOBILISATION DES EMPLOYÉS,1,Employee Engagement,Mobilisation des employés,1
Q08,Question 8. I receive meaningful recognition for work well done.,Question 8. Je reçois une reconnaissance significative lorsque je fais un bon travail.,WORKFORCE,EFFECTIF,3,Performance management,Gestion du rendement,4
Q09,Question 9. I have clear work objectives.,Question 9. J'ai des objectifs de travail clairs.,WORKFORCE,EFFECTIF,3,Performance management,Gestion du rendement,4
Q10,Question 10. I know how my work contributes to the achievement of my department's or agency's goals.,Question 10. Je sais de quelle façon mon travail contribue à l'atteinte des objectifs de mon ministère ou organisme.,WORKPLACE,MILIEU DE TRAVAIL,4,Organizational goals,Buts organisationnels,9
Q11,"Question 11. Overall, I feel valued at work.","Question 11. Dans l'ensemble, je me sens valorisé(e) au travail.",EMPLOYEE ENGAGEMENT,MOBILISATION DES EMPLOYÉS,1,Employee Engagement,Mobilisation des employés,1
Q12,Question 12. I am proud of the work that I do.,Question 12. Je suis fier (fière) du travail que je fais.,EMPLOYEE ENGAGEMENT,MOBILISATION DES EMPLOYÉS,1,Employee Engagement,Mobilisation des employés,1
Q13,Question 13. I have opportunities to provide input into decisions that affect my work.,Question 13. J'ai l'occasion de contribuer aux décisions qui touchent mon travail.,WORKFORCE,EFFECTIF,3,Empowerment,Habilitation,6
Q14,Question 14. I am encouraged to be innovative or to take initiative in my work.,Question 14. On m'encourage à innover ou à prendre des initiatives dans mon travail. ,WORKFORCE,EFFECTIF,3,Empowerment,Habilitation,6
Q15,Question 15. I have support at work to provide a high level of service.,"Question 15. Au travail, j'obtiens du soutien pour fournir un service de haute qualité.",WORKFORCE,EFFECTIF,3,Empowerment,Habilitation,6
Q16,"Question 16. Overall, I like my job.","Question 16. Dans l'ensemble, j'aime mon emploi.",EMPLOYEE ENGAGEMENT,MOBILISATION DES EMPLOYÉS,1,Employee Engagement,Mobilisation des employés,1
Q17,Question 17. I can complete my assigned workload during my regular working hours.,Question 17. J'arrive à accomplir les tâches qui me sont assignées pendant mes heures normales de travail.,WORKFORCE,EFFECTIF,3,Work-life balance and workload,Équilibre travail-vie privée et charge de travail,7
Q18a,Question 18a. I feel that the quality of my work suffers because of... constantly changing priorities.,Question 18a. J'estime que la qualité de mon travail est minée parce que… les priorités changent constamment.,WORKPLACE,MILIEU DE TRAVAIL,4,Organizational performance,Rendement organisationnel,10
Q18b,Question 18b. I feel that the quality of my work suffers because of... lack of stability in my department or agency.,Question 18b. J'estime que la qualité de mon travail est minée parce que… mon ministère ou organisme manque de stabilité.,WORKPLACE,MILIEU DE TRAVAIL,4,Organizational performance,Rendement organisationnel,10
Q18c,Question 18c. I feel that the quality of my work suffers because of... too many approval stages.,Question 18c. J'estime que la qualité de mon travail est minée parce que… il y a un trop grand nombre d'étapes d'approbation.,WORKPLACE,MILIEU DE TRAVAIL,4,Organizational performance,Rendement organisationnel,10
Q18d,Question 18d. I feel that the quality of my work suffers because of... unreasonable deadlines.,Question 18d. J'estime que la qualité de mon travail est minée parce que… les échéanciers sont déraisonnables.,WORKPLACE,MILIEU DE TRAVAIL,4,Organizational performance,Rendement organisationnel,10
Q18e,"Question 18e. I feel that the quality of my work suffers because of... having to do the same or more work, but with fewer resources.","Question 18e. J'estime que la qualité de mon travail est minée parce que… je dois faire le même travail, ou en faire plus, avec moins de ressources.",WORKPLACE,MILIEU DE TRAVAIL,4,Organizational performance,Rendement organisationnel,10
Q18f,Question 18f. I feel that the quality of my work suffers because of... high staff turnover.,Question 18f. J'estime que la qualité de mon travail est minée parce que… le taux de roulement du personnel est élevé.,WORKPLACE,MILIEU DE TRAVAIL,4,Organizational performance,Rendement organisationnel,10
Q18g,Question 18g. I feel that the quality of my work suffers because of... overly complicated or unnecessary business processes. ,Question 18g. J'estime que la qualité de mon travail est minée parce que… les processus opérationnels sont trop compliqués ou inutiles. ,WORKPLACE,MILIEU DE TRAVAIL,4,Organizational performance,Rendement organisationnel,10
Q18h,Question 18h. I feel that the quality of my work suffers because of... Unreliable technology.,Question 18h. J'estime que la qualité de mon travail est minée parce que… les technologies sont peu fiables. ,WORKPLACE,MILIEU DE TRAVAIL,4,Organizational performance,Rendement organisationnel,10
Q19,"Question 19. During meetings in my work unit, I feel free to use the official language of my choice.","Question 19. Durant les réunions de mon unité de travail, je me sens libre d’utiliser la langue officielle de mon choix.",WORKPLACE,MILIEU DE TRAVAIL,4,Use of official languages,Utilisation des langues officielles,14
Q20,Question 20. I am satisfied with how interpersonal issues are resolved in my work unit.,Question 20. Je suis satisfait(e) de la manière dont les problèmes interpersonnels sont réglés dans mon unité de travail.,WORKPLACE,MILIEU DE TRAVAIL,4,Ethical workplace,Milieu de travail éthique,12
Q21,"Question 21. In my work unit, every individual is accepted as an equal member of the team.","Question 21. Dans mon unité de travail, chaque personne est acceptée comme membre à part entière de l'équipe.",WORKPLACE,MILIEU DE TRAVAIL,4,Respectful workplace,Milieu de travail respectueux ,11
Q22,"Question 22. In my work unit, individuals behave in a respectful manner.","Question 22. Dans mon unité de travail, les gens se comportent de manière respectueuse.",WORKPLACE,MILIEU DE TRAVAIL,4,Respectful workplace,Milieu de travail respectueux ,11
Q23,Question 23. The people I work with value my ideas and opinions.,Question 23. Les personnes avec lesquelles je travaille valorisent mes idées et mes opinions. ,WORKPLACE,MILIEU DE TRAVAIL,4,Respectful workplace,Milieu de travail respectueux ,11
Q24,Question 24. My immediate supervisor encourages me to work collaboratively with others outside of my work unit.,Question 24. Mon (ma) superviseur(e) immédiat(e) m’encourage à travailler en collaboration avec d’autres personnes à l’extérieur de mon unité de travail.,LEADERSHIP,LEADERSHIP,2,Immediate supervisor,Superviseur immédiat,2
Q25,Question 25. I receive useful feedback from my immediate supervisor on my job performance.,Question 25. Je reçois de la rétroaction utile de mon (ma) superviseur(e) immédiat(e) sur mon rendement au travail.,WORKFORCE,EFFECTIF,3,Performance management,Gestion du rendement,4
Q26,Question 26. I can count on my immediate supervisor to keep his or her promises.,Question 26. Je sais que mon (ma) superviseur(e) immédiat(e) tiendra ses engagements.,LEADERSHIP,LEADERSHIP,2,Immediate supervisor,Superviseur immédiat,2
Q27,Question 27. My immediate supervisor keeps me informed about the issues affecting my work.,Question 27. Mon (ma) superviseur(e) immédiat(e) me tient au courant des questions touchant mon travail.,LEADERSHIP,LEADERSHIP,2,Immediate supervisor,Superviseur immédiat,2
Q28,"Question 28. When I communicate with my immediate supervisor, I feel free to use the official language of my choice.","Question 28. Lorsque je communique avec mon (ma) superviseur(e) immédiat(e), je me sens libre de le faire dans la langue officielle de mon choix.",WORKPLACE,MILIEU DE TRAVAIL,4,Use of official languages,Utilisation des langues officielles,14
Q29,"Question 29. Subject to operational requirements, my immediate supervisor supports the use of flexible work arrangements (e.g., flexible hours, compressed workweeks, telework).","Question 29. Sous réserve des nécessités du service, mon (ma) superviseur(e) immédiat(e) appuie l’utilisation de régimes de travail flexibles (p. ex., horaire variable, semaine de travail comprimée, télétravail).",WORKFORCE,EFFECTIF,3,Work-life balance and workload,Équilibre travail-vie privée et charge de travail,7
Q30,Question 30. My immediate supervisor seems to care about me as a person.,Question 30. Mon (ma) superviseur(e) immédiat(e) semble se soucier de moi en tant que personne.,WORKPLACE WELL-BEING,BIEN-ÊTRE EN MILIEU DE TRAVAIL,5,A psychologically healthy workplace,Milieu de travail sain sur le plan psychologique,19
Q31,Question 31. I am satisfied with the quality of supervision I receive.,Question 31. Je suis satisfait(e) de la qualité de la supervision qui est exercée à mon égard. ,LEADERSHIP,LEADERSHIP,2,Immediate supervisor,Superviseur immédiat,2
Q33,Question 33. I am equipped to support employees in my work unit who are experiencing mental health issues.,Question 33. Je suis outillé(e) pour aider les employé(e)s de mon unité de travail qui ont des problèmes de santé mentale.,WORKPLACE WELL-BEING,BIEN-ÊTRE EN MILIEU DE TRAVAIL,5,A psychologically healthy workplace,Milieu de travail sain sur le plan psychologique,19
Q34,Question 34. Senior managers in my department or agency lead by example in ethical behaviour.,Question 34. Les cadres supérieurs de mon ministère ou organisme montrent l'exemple par leur comportement éthique.,LEADERSHIP,LEADERSHIP,2,Senior management,Haute direction,3
Q35,Question 35. I have confidence in the senior management of my department or agency.,Question 35. J'ai confiance en la haute direction de mon ministère ou organisme.,LEADERSHIP,LEADERSHIP,2,Senior management,Haute direction,3
Q36,Question 36. Senior management in my department or agency makes effective and timely decisions.,Question 36. La haute direction de mon ministère ou organisme prend des décisions efficaces et opportunes.,LEADERSHIP,LEADERSHIP,2,Senior management,Haute direction,3
Q37,Question 37. Essential information flows effectively from senior management to staff.,Question 37. La haute direction communique efficacement les renseignements essentiels au personnel.,LEADERSHIP,LEADERSHIP,2,Senior management,Haute direction,3
Q38,Question 38. Senior managers in my department or agency use both official languages in their interactions with employees.,Question 38. Les cadres supérieurs de mon ministère ou organisme utilisent les deux langues officielles dans leurs interactions avec les employé(e)s.,WORKPLACE,MILIEU DE TRAVAIL,4,Use of official languages,Utilisation des langues officielles,14
Q39,"Question 39. My department or agency does a good job of communicating its vision, mission and goals.","Question 39. Mon ministère ou organisme communique efficacement sa vision, sa mission et ses objectifs.",WORKPLACE,MILIEU DE TRAVAIL,4,Organizational goals,Buts organisationnels,9
Q40,Question 40. I feel that change is managed well in my department or agency.,Question 40. J’estime que le changement est bien géré au sein de mon ministère ou organisme.,WORKPLACE,MILIEU DE TRAVAIL,4,Organizational performance,Rendement organisationnel,10
Q41,"Question 41. If I am faced with an ethical dilemma or a conflict between values in the workplace, I know where I can go for help in resolving the situation. ","Question 41. Si j'étais confronté(e) à un dilemme éthique ou à un conflit entre les valeurs du milieu de travail, je saurais où aller pour obtenir de l'aide afin de régler le problème.",WORKPLACE,MILIEU DE TRAVAIL,4,Ethical workplace,Milieu de travail éthique,12
Q42,Question 42. My department or agency does a good job of promoting values and ethics in the workplace.,Question 42. Mon ministère ou organisme fait un bon travail de promotion des valeurs et de l'éthique dans le milieu de travail.,WORKPLACE,MILIEU DE TRAVAIL,4,Ethical workplace,Milieu de travail éthique,12
Q43,"Question 43. I feel I can initiate a formal recourse process (e.g., grievance, complaint, appeal) without fear of reprisal.","Question 43. J'estime pouvoir amorcer un processus de recours officiel (p. ex., grief, plainte, droit d'appel) sans crainte de représailles.",WORKPLACE,MILIEU DE TRAVAIL,4,Ethical workplace,Milieu de travail éthique,12
Q44,Question 44. My department or agency does a good job of supporting employee career development.,Question 44. Mon ministère ou organisme met tout en œuvre pour appuyer ses employé(e)s dans leur perfectionnement professionnel.,WORKFORCE,EFFECTIF,3,Job fit and development,Compatibilité entre la personne et l'emploi et perfectionnement,5
Q45,"Question 45. I believe I have opportunities for promotion within my department or agency, given my education, skills and experience. ","Question 45. J'estime avoir des possibilités d'obtenir une promotion au sein de mon ministère ou organisme, compte tenu de ma scolarité, de mes compétences et de mon expérience. ",WORKFORCE,EFFECTIF,3,Job fit and development,Compatibilité entre la personne et l'emploi et perfectionnement,5
Q46a,Question 46a. To what extent have the following adversely affected your career progress in the federal public service over the last 12 months? Conflict between my work obligations and my family or personal obligations,Question 46a. Dans quelle mesure estimez-vous que les éléments suivants ont nui à la progression de votre carrière au sein de la fonction publique fédérale au cours des 12 derniers mois? Conflit entre mes obligations professionnelles et mes obligations familiales ou personnelles,WORKFORCE,EFFECTIF,3,Job fit and development,Compatibilité entre la personne et l'emploi et perfectionnement,5
Q46b,Question 46b. To what extent have the following adversely affected your career progress in the federal public service over the last 12 months? Lack of access to language training in my second official language,Question 46b. Dans quelle mesure estimez-vous que les éléments suivants ont nui à la progression de votre carrière au sein de la fonction publique fédérale au cours des 12 derniers mois? Manque d'accès à de la formation linguistique dans ma seconde langue officielle,WORKFORCE,EFFECTIF,3,Job fit and development,Compatibilité entre la personne et l'emploi et perfectionnement,5
Q46c,Question 46c. To what extent have the following adversely affected your career progress in the federal public service over the last 12 months? Lack of access to learning opportunities,Question 46c. Dans quelle mesure estimez-vous que les éléments suivants ont nui à la progression de votre carrière au sein de la fonction publique fédérale au cours des 12 derniers mois? Manque d'accès à des opportunités d'apprentissage,WORKFORCE,EFFECTIF,3,Job fit and development,Compatibilité entre la personne et l'emploi et perfectionnement,5
Q46d,Question 46d. To what extent have the following adversely affected your career progress in the federal public service over the last 12 months? Lack of access to developmental programs,Question 46d. Dans quelle mesure estimez-vous que les éléments suivants ont nui à la progression de votre carrière au sein de la fonction publique fédérale au cours des 12 derniers mois? Manque d’accès aux programmes de perfectionnement,WORKFORCE,EFFECTIF,3,Job fit and development,Compatibilité entre la personne et l'emploi et perfectionnement,5
Q46e,Question 46e. To what extent have the following adversely affected your career progress in the federal public service over the last 12 months? Lack of opportunities in my region,Question 46e. Dans quelle mesure estimez-vous que les éléments suivants ont nui à la progression de votre carrière au sein de la fonction publique fédérale au cours des 12 derniers mois? Manque d’opportunités dans ma région,WORKFORCE,EFFECTIF,3,Job fit and development,Compatibilité entre la personne et l'emploi et perfectionnement,5
Q46f,Question 46f. To what extent have the following adversely affected your career progress in the federal public service over the last 12 months? Level of education,Question 46f. Dans quelle mesure estimez-vous que les éléments suivants ont nui à la progression de votre carrière au sein de la fonction publique fédérale au cours des 12 derniers mois? Niveau de scolarité,WORKFORCE,EFFECTIF,3,Job fit and development,Compatibilité entre la personne et l'emploi et perfectionnement,5
Q46g,Question 46g. To what extent have the following adversely affected your career progress in the federal public service over the last 12 months? Discrimination,Question 46g. Dans quelle mesure estimez-vous que les éléments suivants ont nui à la progression de votre carrière au sein de la fonction publique fédérale au cours des 12 derniers mois? Discrimination,WORKFORCE,EFFECTIF,3,Job fit and development,Compatibilité entre la personne et l'emploi et perfectionnement,5
Q46h,Question 46h. To what extent have the following adversely affected your career progress in the federal public service over the last 12 months? Accessibility or accommodation issues,Question 46h. Dans quelle mesure estimez-vous que les éléments suivants ont nui à la progression de votre carrière au sein de la fonction publique fédérale au cours des 12 derniers mois? Problèmes d’accessibilité ou d’adaptation,WORKFORCE,EFFECTIF,3,Job fit and development,Compatibilité entre la personne et l'emploi et perfectionnement,5
Q47,Question 47. I feel I would be supported by my department or agency if I proposed a new idea.,Question 47. J'estime que j'obtiendrais du soutien de mon ministère ou organisme si je proposais une nouvelle idée.,WORKFORCE,EFFECTIF,3,Empowerment,Habilitation,6
Q48,"Question 48. I think that my department or agency respects individual differences (e.g., culture, work styles, ideas).","Question 48. Je crois que mon ministère ou organisme respecte les différences individuelles (p. ex., la culture, les méthodes de travail, les idées).",WORKPLACE,MILIEU DE TRAVAIL,4,Respectful workplace,Milieu de travail respectueux ,11
Q49,Question 49. My department or agency implements activities and practices that support a diverse workplace.,Question 49. Mon ministère ou organisme met en place des activités et des pratiques qui favorisent un milieu de travail diversifié.,WORKPLACE,MILIEU DE TRAVAIL,4,Respectful workplace,Milieu de travail respectueux ,11
Q50,"Question 50. Overall, my department or agency treats me with respect.","Question 50. Dans l'ensemble, mon ministère ou organisme me traite avec respect.",WORKPLACE,MILIEU DE TRAVAIL,4,Respectful workplace,Milieu de travail respectueux ,11
Q51,Question 51. I would recommend my department or agency as a great place to work.,Question 51. Je recommanderais mon ministère ou organisme comme un excellent milieu de travail.,EMPLOYEE ENGAGEMENT,MOBILISATION DES EMPLOYÉS,1,Employee Engagement,Mobilisation des employés,1
Q52,Question 52. I am satisfied with my department or agency.,Question 52. Je suis satisfait(e) de mon ministère ou organisme.,EMPLOYEE ENGAGEMENT,MOBILISATION DES EMPLOYÉS,1,Employee Engagement,Mobilisation des employés,1
Q53,"Question 53. I would prefer to remain with my department or agency, even if a comparable job was available elsewhere in the federal public service.",Question 53. Je préférerais continuer à travailler au sein de mon ministère ou organisme même si un poste comparable était disponible ailleurs dans la fonction publique fédérale.,EMPLOYEE ENGAGEMENT,MOBILISATION DES EMPLOYÉS,1,Employee Engagement,Mobilisation des employés,1
Q54,Question 54. Do you intend to leave your current position in the next two years?,Question 54. Avez-vous l'intention de quitter votre poste actuel au cours des deux prochaines années?,WORKFORCE,EFFECTIF,3,Mobility and Retention,Mobilité et maintien en poste,8
Q55,Question 55. Please indicate your reason for leaving.,Question 55. Veuillez indiquer la raison de votre départ.,WORKFORCE,EFFECTIF,3,Mobility and Retention,Mobilité et maintien en poste,8
Q56,Question 56. I am familiar with the provisions of my collective agreement or my terms and conditions of employment.,Question 56. Je connais bien les dispositions de ma convention collective ou mes conditions d’emploi.,WORKPLACE,MILIEU DE TRAVAIL,4,Collective agreements and terms and conditions of employment,Conventions collectives et conditions d'emploi,15
Q57,Question 57. My immediate supervisor respects the provisions of my collective agreement or my terms and conditions of employment.,Question 57. Mon (ma) superviseur(e) immédiat(e) respecte les dispositions de ma convention collective ou mes conditions d’emploi.,WORKPLACE,MILIEU DE TRAVAIL,4,Collective agreements and terms and conditions of employment,Conventions collectives et conditions d'emploi,15
Q58,"Question 58. Having carefully read the definition of harassment, have you been the victim of harassment on the job in the past 12 months? ","Question 58. Après avoir lu attentivement la définition du harcèlement, au cours des 12 derniers mois, avez-vous été victime de harcèlement au travail? ",WORKPLACE,MILIEU DE TRAVAIL,4,Harassment,Harcèlement,16
Q59a,Question 59a. From whom did you experience harassment on the job? Co-workers,Question 59a. De la part de qui avez-vous été victime de harcèlement au travail? Collègues,WORKPLACE,MILIEU DE TRAVAIL,4,Harassment,Harcèlement,16
Q59b,Question 59b. From whom did you experience harassment on the job? Individuals with authority over me,Question 59b. De la part de qui avez-vous été victime de harcèlement au travail? Supérieur(e)s,WORKPLACE,MILIEU DE TRAVAIL,4,Harassment,Harcèlement,16
Q59c,Question 59c. From whom did you experience harassment on the job? Individuals working for me,Question 59c. De la part de qui avez-vous été victime de harcèlement au travail? Employé(e)s relevant de moi,WORKPLACE,MILIEU DE TRAVAIL,4,Harassment,Harcèlement,16
Q59d,"Question 59d. From whom did you experience harassment on the job? Individuals for whom I have a custodial responsibility (e.g., inmates, offenders, patients, detainees)","Question 59d. De la part de qui avez-vous été victime de harcèlement au travail? Personnes envers lesquelles j'ai une responsabilité de garde (p. ex., détenu(e)s, contrevenant(e)s, patient(e)s, personnes sous garde)",WORKPLACE,MILIEU DE TRAVAIL,4,Harassment,Harcèlement,16
Q59e,Question 59e. From whom did you experience harassment on the job? Individuals from other departments or agencies,Question 59e. De la part de qui avez-vous été victime de harcèlement au travail? Personnes d'autres ministères ou organismes,WORKPLACE,MILIEU DE TRAVAIL,4,Harassment,Harcèlement,16
Q59f,Question 59f. From whom did you experience harassment on the job? Members of the public (individuals or organizations),Question 59f. De la part de qui avez-vous été victime de harcèlement au travail? Membres du public (personnes ou organisations),WORKPLACE,MILIEU DE TRAVAIL,4,Harassment,Harcèlement,16
Q59g,Question 59g. From whom did you experience harassment on the job? Other,Question 59g. De la part de qui avez-vous été victime de harcèlement au travail? Autre,WORKPLACE,MILIEU DE TRAVAIL,4,Harassment,Harcèlement,16
Q60a,Question 60a. Please indicate the nature of the harassment you experienced. Aggressive behaviour,Question 60a. Veuillez indiquer la nature du harcèlement dont vous avez fait l'objet. Comportement agressif,WORKPLACE,MILIEU DE TRAVAIL,4,Harassment,Harcèlement,16
Q60b,Question 60b. Please indicate the nature of the harassment you experienced. Excessive control,Question 60b. Veuillez indiquer la nature du harcèlement dont vous avez fait l'objet. Contrôle excessif ,WORKPLACE,MILIEU DE TRAVAIL,4,Harassment,Harcèlement,16
Q60c,Question 60c. Please indicate the nature of the harassment you experienced. Being excluded or being ignored ,Question 60c. Veuillez indiquer la nature du harcèlement dont vous avez fait l'objet. Être exclu(e) ou ignoré(e),WORKPLACE,MILIEU DE TRAVAIL,4,Harassment,Harcèlement,16
Q60d,Question 60d. Please indicate the nature of the harassment you experienced. Humiliation,Question 60d. Veuillez indiquer la nature du harcèlement dont vous avez fait l'objet. Humiliation,WORKPLACE,MILIEU DE TRAVAIL,4,Harassment,Harcèlement,16
Q60e,Question 60e. Please indicate the nature of the harassment you experienced. Interference with work or withholding resources,Question 60e. Veuillez indiquer la nature du harcèlement dont vous avez fait l'objet. Interférence dans le travail ou retenue de ressources,WORKPLACE,MILIEU DE TRAVAIL,4,Harassment,Harcèlement,16
Q60f,Question 60f. Please indicate the nature of the harassment you experienced. Offensive remark,Question 60f. Veuillez indiquer la nature du harcèlement dont vous avez fait l'objet. Commentaire désobligeant,WORKPLACE,MILIEU DE TRAVAIL,4,Harassment,Harcèlement,16
Q60g,Question 60g. Please indicate the nature of the harassment you experienced. Personal attack,Question 60g. Veuillez indiquer la nature du harcèlement dont vous avez fait l'objet. Attaque personnelle,WORKPLACE,MILIEU DE TRAVAIL,4,Harassment,Harcèlement,16
Q60h,Question 60h. Please indicate the nature of the harassment you experienced. Physical violence,Question 60h. Veuillez indiquer la nature du harcèlement dont vous avez fait l'objet. Violence physique,WORKPLACE,MILIEU DE TRAVAIL,4,Harassment,Harcèlement,16
Q60i,Question 60i. Please indicate the nature of the harassment you experienced. Sexual comment or gesture,Question 60i. Veuillez indiquer la nature du harcèlement dont vous avez fait l'objet. Commentaire ou geste à caractère sexuel,WORKPLACE,MILIEU DE TRAVAIL,4,Harassment,Harcèlement,16
Q60j,Question 60j. Please indicate the nature of the harassment you experienced. Threat,Question 60j. Veuillez indiquer la nature du harcèlement dont vous avez fait l'objet. Menace,WORKPLACE,MILIEU DE TRAVAIL,4,Harassment,Harcèlement,16
Q60k,Question 60k. Please indicate the nature of the harassment you experienced. Unfair treatment,Question 60k. Veuillez indiquer la nature du harcèlement dont vous avez fait l'objet. Traitement injuste,WORKPLACE,MILIEU DE TRAVAIL,4,Harassment,Harcèlement,16
Q60l,Question 60l. Please indicate the nature of the harassment you experienced. Yelling or shouting,Question 60l. Veuillez indiquer la nature du harcèlement dont vous avez fait l'objet. Hurlement ou cris,WORKPLACE,MILIEU DE TRAVAIL,4,Harassment,Harcèlement,16
Q60m,Question 60m. Please indicate the nature of the harassment you experienced. Other,Question 60m. Veuillez indiquer la nature du harcèlement dont vous avez fait l'objet. Autre,WORKPLACE,MILIEU DE TRAVAIL,4,Harassment,Harcèlement,16
Q61a,Question 61a. What action(s) did you take to address the harassment you experienced? I discussed the matter with my supervisor or a senior manager.,Question 61a. Quelle(s) mesure(s) avez-vous prise(s) pour régler le problème de harcèlement dont vous avez fait l'objet? J'ai discuté du problème avec mon (ma) superviseur(e) ou un cadre supérieur.,WORKPLACE,MILIEU DE TRAVAIL,4,Harassment,Harcèlement,16
Q61b,Question 61b. What action(s) did you take to address the harassment you experienced? I discussed the matter with the person(s) from whom I experienced the harassment.,Question 61b. Quelle(s) mesure(s) avez-vous prise(s) pour régler le problème de harcèlement dont vous avez fait l'objet? J'ai discuté du problème avec la ou les personne(s) par laquelle (lesquelles) j'ai été harcelé(e).,WORKPLACE,MILIEU DE TRAVAIL,4,Harassment,Harcèlement,16
Q61c,Question 61c. What action(s) did you take to address the harassment you experienced? I contacted a human resources advisor in my department or agency.,Question 61c. Quelle(s) mesure(s) avez-vous prise(s) pour régler le problème de harcèlement dont vous avez fait l'objet? J'ai communiqué avec un(e) conseiller(ère) en ressources humaines de mon ministère ou organisme.,WORKPLACE,MILIEU DE TRAVAIL,4,Harassment,Harcèlement,16
Q61d,Question 61d. What action(s) did you take to address the harassment you experienced? I contacted my union representative. ,Question 61d. Quelle(s) mesure(s) avez-vous prise(s) pour régler le problème de harcèlement dont vous avez fait l'objet? J'ai communiqué avec mon (ma) représentant(e) syndical(e).,WORKPLACE,MILIEU DE TRAVAIL,4,Harassment,Harcèlement,16
Q61e,Question 61e. What action(s) did you take to address the harassment you experienced? I used an informal conflict resolution process.,Question 61e. Quelle(s) mesure(s) avez-vous prise(s) pour régler le problème de harcèlement dont vous avez fait l'objet? J'ai eu recours à un processus informel de résolution des conflits.,WORKPLACE,MILIEU DE TRAVAIL,4,Harassment,Harcèlement,16
Q61f,Question 61f. What action(s) did you take to address the harassment you experienced? I filed a grievance or formal complaint. ,Question 61f. Quelle(s) mesure(s) avez-vous prise(s) pour régler le problème de harcèlement dont vous avez fait l'objet? J'ai déposé un grief ou une plainte officielle.,WORKPLACE,MILIEU DE TRAVAIL,4,Harassment,Harcèlement,16
Q61g,Question 61g. What action(s) did you take to address the harassment you experienced? I resolved the matter informally on my own.,Question 61g. Quelle(s) mesure(s) avez-vous prise(s) pour régler le problème de harcèlement dont vous avez fait l'objet? J'ai réglé la question de façon informelle par moi-même. ,WORKPLACE,MILIEU DE TRAVAIL,4,Harassment,Harcèlement,16
Q61h,Question 61h. What action(s) did you take to address the harassment you experienced? Other,Question 61h. Quelle(s) mesure(s) avez-vous prise(s) pour régler le problème de harcèlement dont vous avez fait l'objet? Autre,WORKPLACE,MILIEU DE TRAVAIL,4,Harassment,Harcèlement,16
Q61i,Question 61i. What action(s) did you take to address the harassment you experienced? I took no action.,Question 61i. Quelle(s) mesure(s) avez-vous prise(s) pour régler le problème de harcèlement dont vous avez fait l'objet? Je n'ai pris aucune mesure.,WORKPLACE,MILIEU DE TRAVAIL,4,Harassment,Harcèlement,16
Q62a,Question 62a. Why did you not file a grievance or formal complaint about the harassment you experienced? The issue was resolved.,Question 62a. Pourquoi n'avez-vous pas déposé un grief ou une plainte officielle concernant le harcèlement dont vous avez fait l'objet? La situation a été réglée.,WORKPLACE,MILIEU DE TRAVAIL,4,Harassment,Harcèlement,16
Q62b,Question 62b. Why did you not file a grievance or formal complaint about the harassment you experienced? I did not think the incident was serious enough.,Question 62b. Pourquoi n'avez-vous pas déposé un grief ou une plainte officielle concernant le harcèlement dont vous avez fait l'objet? Je ne pensais pas que l'incident était assez grave.,WORKPLACE,MILIEU DE TRAVAIL,4,Harassment,Harcèlement,16
Q62c,Question 62c. Why did you not file a grievance or formal complaint about the harassment you experienced? The behaviour stopped.,Question 62c. Pourquoi n'avez-vous pas déposé un grief ou une plainte officielle concernant le harcèlement dont vous avez fait l'objet? Le comportement s'est arrêté.,WORKPLACE,MILIEU DE TRAVAIL,4,Harassment,Harcèlement,16
Q62d,Question 62d. Why did you not file a grievance or formal complaint about the harassment you experienced? The individual apologized.,Question 62d. Pourquoi n'avez-vous pas déposé un grief ou une plainte officielle concernant le harcèlement dont vous avez fait l'objet? La personne s'est excusée.,WORKPLACE,MILIEU DE TRAVAIL,4,Harassment,Harcèlement,16
Q62e,Question 62e. Why did you not file a grievance or formal complaint about the harassment you experienced? Management intervened.,Question 62e. Pourquoi n'avez-vous pas déposé un grief ou une plainte officielle concernant le harcèlement dont vous avez fait l'objet? La direction est intervenue.,WORKPLACE,MILIEU DE TRAVAIL,4,Harassment,Harcèlement,16
Q62f,Question 62f. Why did you not file a grievance or formal complaint about the harassment you experienced? The individual left or changed jobs.,Question 62f. Pourquoi n'avez-vous pas déposé un grief ou une plainte officielle concernant le harcèlement dont vous avez fait l'objet? La personne a quitté ou changé d'emploi.,WORKPLACE,MILIEU DE TRAVAIL,4,Harassment,Harcèlement,16
Q62g,Question 62g. Why did you not file a grievance or formal complaint about the harassment you experienced? I changed jobs.,Question 62g. Pourquoi n'avez-vous pas déposé un grief ou une plainte officielle concernant le harcèlement dont vous avez fait l'objet? J'ai changé d'emploi.,WORKPLACE,MILIEU DE TRAVAIL,4,Harassment,Harcèlement,16
Q62h,"Question 62h. Why did you not file a grievance or formal complaint about the harassment you experienced? I did not know what to do, where to go or whom to ask.","Question 62h. Pourquoi n'avez-vous pas déposé un grief ou une plainte officielle concernant le harcèlement dont vous avez fait l'objet? Je ne savais pas quoi faire, où aller ou à qui parler.",WORKPLACE,MILIEU DE TRAVAIL,4,Harassment,Harcèlement,16
Q62i,Question 62i. Why did you not file a grievance or formal complaint about the harassment you experienced? I was too distraught.,Question 62i. Pourquoi n'avez-vous pas déposé un grief ou une plainte officielle concernant le harcèlement dont vous avez fait l'objet? J'étais trop bouleversé(e).,WORKPLACE,MILIEU DE TRAVAIL,4,Harassment,Harcèlement,16
Q62j,"Question 62j. Why did you not file a grievance or formal complaint about the harassment you experienced? I had concerns about the formal complaint process (e.g., confidentiality, how long it would take).","Question 62j. Pourquoi n'avez-vous pas déposé un grief ou une plainte officielle concernant le harcèlement dont vous avez fait l'objet? J'avais des préoccupations au sujet du processus formel de plaintes (p. ex., la confidentialité, le temps que prendrait le processus).",WORKPLACE,MILIEU DE TRAVAIL,4,Harassment,Harcèlement,16
Q62k,Question 62k. Why did you not file a grievance or formal complaint about the harassment you experienced? I was advised against filing a complaint.,Question 62k. Pourquoi n'avez-vous pas déposé un grief ou une plainte officielle concernant le harcèlement dont vous avez fait l'objet? On m'a conseillé d'éviter de déposer une plainte.,WORKPLACE,MILIEU DE TRAVAIL,4,Harassment,Harcèlement,16
Q62l,"Question 62l. Why did you not file a grievance or formal complaint about the harassment you experienced? I was afraid of reprisal (e.g., having limited career advancement, being labelled a troublemaker).","Question 62l. Pourquoi n'avez-vous pas déposé un grief ou une plainte officielle concernant le harcèlement dont vous avez fait l'objet? J'avais peur des représailles (p. ex., limiter l'avancement de ma carrière ou porter l'étiquette de fauteur de troubles).",WORKPLACE,MILIEU DE TRAVAIL,4,Harassment,Harcèlement,16
Q62m,Question 62m. Why did you not file a grievance or formal complaint about the harassment you experienced? Someone threatened me.,Question 62m. Pourquoi n'avez-vous pas déposé un grief ou une plainte officielle concernant le harcèlement dont vous avez fait l'objet? Quelqu'un m'a menacé(e).,WORKPLACE,MILIEU DE TRAVAIL,4,Harassment,Harcèlement,16
Q62n,Question 62n. Why did you not file a grievance or formal complaint about the harassment you experienced? I did not believe it would make a difference.,Question 62n. Pourquoi n'avez-vous pas déposé un grief ou une plainte officielle concernant le harcèlement dont vous avez fait l'objet? Je ne croyais pas que cela ferait une différence.,WORKPLACE,MILIEU DE TRAVAIL,4,Harassment,Harcèlement,16
Q62o,Question 62o. Why did you not file a grievance or formal complaint about the harassment you experienced? I intend to file a grievance or a formal complaint but I have not done so yet.,Question 62o. Pourquoi n'avez-vous pas déposé un grief ou une plainte officielle concernant le harcèlement dont vous avez fait l'objet? J'ai l'intention de déposer un grief ou une plainte officielle mais je ne l'ai pas encore fait.,WORKPLACE,MILIEU DE TRAVAIL,4,Harassment,Harcèlement,16
Q62p,Question 62p. Why did you not file a grievance or formal complaint about the harassment you experienced? Other,Question 62p. Pourquoi n'avez-vous pas déposé un grief ou une plainte officielle concernant le harcèlement dont vous avez fait l'objet? Autre,WORKPLACE,MILIEU DE TRAVAIL,4,Harassment,Harcèlement,16
Q63,"Question 63. Having carefully read the definition of harassment, have you directly witnessed harassment on the job in the past 12 months?","Question 63. Après avoir lu attentivement la définition du harcèlement, avez-vous été directement témoin de harcèlement au travail au cours des 12 derniers mois?",WORKPLACE,MILIEU DE TRAVAIL,4,Harassment,Harcèlement,16
Q64,Question 64. I am satisfied with how matters related to harassment are resolved in my department or agency. ,Question 64. Je suis satisfait(e) de la manière dont les problèmes de harcèlement sont réglés dans mon ministère ou organisme. ,WORKPLACE,MILIEU DE TRAVAIL,4,Harassment,Harcèlement,16
Q65,Question 65. My department or agency works hard to create a workplace that prevents harassment. ,Question 65. Mon ministère ou organisme met tout en œuvre pour créer un milieu de travail qui prévient le harcèlement.,WORKPLACE,MILIEU DE TRAVAIL,4,Harassment,Harcèlement,16
Q66,"Question 66. Having carefully read the definition of discrimination, have you been the victim of discrimination on the job in the past 12 months? ","Question 66. Après avoir lu attentivement la définition de la discrimination, au cours des 12 derniers mois, avez-vous été victime de discrimination au travail? ",WORKPLACE,MILIEU DE TRAVAIL,4,Discrimination,Discrimination,17
Q67a,Question 67a. From whom did you experience discrimination on the job? Co-workers,Question 67a. De la part de qui avez-vous été victime de discrimination au travail? Collègues,WORKPLACE,MILIEU DE TRAVAIL,4,Discrimination,Discrimination,17
Q67b,Question 67b. From whom did you experience discrimination on the job? Individuals with authority over me,Question 67b. De la part de qui avez-vous été victime de discrimination au travail? Supérieur(e)s,WORKPLACE,MILIEU DE TRAVAIL,4,Discrimination,Discrimination,17
Q67c,Question 67c. From whom did you experience discrimination on the job? Individuals working for me,Question 67c. De la part de qui avez-vous été victime de discrimination au travail? Employé(e)s relevant de moi,WORKPLACE,MILIEU DE TRAVAIL,4,Discrimination,Discrimination,17
Q67d,"Question 67d. From whom did you experience discrimination on the job? Individuals for whom I have a custodial responsibility (e.g., inmates, offenders, patients, detainees)","Question 67d. De la part de qui avez-vous été victime de discrimination au travail? Personnes envers lesquelles j'ai une responsabilité de garde (p. ex., détenu(e)s, contrevenant(e)s, patient(e)s, personnes sous garde)",WORKPLACE,MILIEU DE TRAVAIL,4,Discrimination,Discrimination,17
Q67e,Question 67e. From whom did you experience discrimination on the job? Individuals from other departments or agencies,Question 67e. De la part de qui avez-vous été victime de discrimination au travail? Personnes provenant d'autres ministères ou organismes,WORKPLACE,MILIEU DE TRAVAIL,4,Discrimination,Discrimination,17
Q67f,Question 67f. From whom did you experience discrimination on the job? Members of the public (individuals or organizations),Question 67f. De la part de qui avez-vous été victime de discrimination au travail? Membres du public (personnes ou organisations),WORKPLACE,MILIEU DE TRAVAIL,4,Discrimination,Discrimination,17
Q67g,Question 67g. From whom did you experience discrimination on the job? Other,Question 67g. De la part de qui avez-vous été victime de discrimination au travail? Autre,WORKPLACE,MILIEU DE TRAVAIL,4,Discrimination,Discrimination,17
Q68a,Question 68a. Please indicate the type of discrimination you experienced. Race,Question 68a. Veuillez indiquer le type de discrimination dont vous avez fait l'objet. Race,WORKPLACE,MILIEU DE TRAVAIL,4,Discrimination,Discrimination,17
Q68b,Question 68b. Please indicate the type of discrimination you experienced. National or ethnic origin,Question 68b. Veuillez indiquer le type de discrimination dont vous avez fait l'objet. Origine nationale ou ethnique,WORKPLACE,MILIEU DE TRAVAIL,4,Discrimination,Discrimination,17
Q68c,Question 68c. Please indicate the type of discrimination you experienced. Colour,Question 68c. Veuillez indiquer le type de discrimination dont vous avez fait l'objet. Couleur,WORKPLACE,MILIEU DE TRAVAIL,4,Discrimination,Discrimination,17
Q68d,Question 68d. Please indicate the type of discrimination you experienced. Religion,Question 68d. Veuillez indiquer le type de discrimination dont vous avez fait l'objet. Religion,WORKPLACE,MILIEU DE TRAVAIL,4,Discrimination,Discrimination,17
Q68e,Question 68e. Please indicate the type of discrimination you experienced. Age,Question 68e. Veuillez indiquer le type de discrimination dont vous avez fait l'objet. Âge,WORKPLACE,MILIEU DE TRAVAIL,4,Discrimination,Discrimination,17
Q68f,Question 68f. Please indicate the type of discrimination you experienced. Sex,Question 68f. Veuillez indiquer le type de discrimination dont vous avez fait l'objet. Sexe,WORKPLACE,MILIEU DE TRAVAIL,4,Discrimination,Discrimination,17
Q68g,Question 68g. Please indicate the type of discrimination you experienced. Sexual orientation,Question 68g. Veuillez indiquer le type de discrimination dont vous avez fait l'objet. Orientation sexuelle,WORKPLACE,MILIEU DE TRAVAIL,4,Discrimination,Discrimination,17
Q68h,"Question 68h. Please indicate the type of discrimination you experienced. Gender identity or expression (including gender diverse identities or expressions such as transgender, two-spirit, or non-binary)","Question 68h. Veuillez indiquer le type de discrimination dont vous avez fait l'objet. Identité ou expression de genre (inclus identité ou expression de divers genres telle que transgenre, bispirituelle ou non-binaire)",WORKPLACE,MILIEU DE TRAVAIL,4,Discrimination,Discrimination,17
Q68i,Question 68i. Please indicate the type of discrimination you experienced. Marital status,Question 68i. Veuillez indiquer le type de discrimination dont vous avez fait l'objet. État matrimonial,WORKPLACE,MILIEU DE TRAVAIL,4,Discrimination,Discrimination,17
Q68j,Question 68j. Please indicate the type of discrimination you experienced. Family status,Question 68j. Veuillez indiquer le type de discrimination dont vous avez fait l'objet. Situation familiale,WORKPLACE,MILIEU DE TRAVAIL,4,Discrimination,Discrimination,17
Q68k,"Question 68k. Please indicate the type of discrimination you experienced. Genetic characteristics (including a requirement to undergo a genetic test, or disclose the results of a genetic test)","Question 68k. Veuillez indiquer le type de discrimination dont vous avez fait l'objet. Caractéristiques génétiques (y compris l'obligation à subir un test génétique, ou à communiquer les résultats d'un test génétique)",WORKPLACE,MILIEU DE TRAVAIL,4,Discrimination,Discrimination,17
Q68l,Question 68l. Please indicate the type of discrimination you experienced. Disability,Question 68l. Veuillez indiquer le type de discrimination dont vous avez fait l'objet. Déficience (ou handicap),WORKPLACE,MILIEU DE TRAVAIL,4,Discrimination,Discrimination,17
Q68m,Question 68m. Please indicate the type of discrimination you experienced. Pardoned conviction or suspended record,Question 68m. Veuillez indiquer le type de discrimination dont vous avez fait l'objet. État de personne graciée,WORKPLACE,MILIEU DE TRAVAIL,4,Discrimination,Discrimination,17
Q68n,Question 68n. Please indicate the type of discrimination you experienced. Other,Question 68n. Veuillez indiquer le type de discrimination dont vous avez fait l'objet. Autre,WORKPLACE,MILIEU DE TRAVAIL,4,Discrimination,Discrimination,17
Q69a,Question 69a. What action(s) did you take to address the discrimination you experienced? I discussed the matter with my supervisor or a senior manager.,Question 69a. Quelle(s) mesure(s) avez-vous prise(s) pour régler le problème de discrimination dont vous avez fait l'objet? J'ai discuté du problème avec mon (ma) superviseur(e) ou un cadre supérieur.,WORKPLACE,MILIEU DE TRAVAIL,4,Discrimination,Discrimination,17
Q69b,Question 69b. What action(s) did you take to address the discrimination you experienced? I discussed the matter with the person(s) from whom I experienced the discrimination.,Question 69b. Quelle(s) mesure(s) avez-vous prise(s) pour régler le problème de discrimination dont vous avez fait l'objet? J'ai discuté du problème avec la ou les personne(s) par laquelle (lesquelles) j'ai été discriminé(e).,WORKPLACE,MILIEU DE TRAVAIL,4,Discrimination,Discrimination,17
Q69c,Question 69c. What action(s) did you take to address the discrimination you experienced? I contacted a human resources advisor in my department or agency.,Question 69c. Quelle(s) mesure(s) avez-vous prise(s) pour régler le problème de discrimination dont vous avez fait l'objet? J'ai communiqué avec un(e) conseiller(ère) en ressources humaines de mon ministère ou organisme.,WORKPLACE,MILIEU DE TRAVAIL,4,Discrimination,Discrimination,17
Q69d,Question 69d. What action(s) did you take to address the discrimination you experienced? I contacted my union representative. ,Question 69d. Quelle(s) mesure(s) avez-vous prise(s) pour régler le problème de discrimination dont vous avez fait l'objet? J'ai communiqué avec mon (ma) représentant(e) syndical(e).,WORKPLACE,MILIEU DE TRAVAIL,4,Discrimination,Discrimination,17
Q69e,Question 69e. What action(s) did you take to address the discrimination you experienced? I used an informal conflict resolution process.,Question 69e. Quelle(s) mesure(s) avez-vous prise(s) pour régler le problème de discrimination dont vous avez fait l'objet? J'ai eu recours à un processus informel de résolution des conflits.,WORKPLACE,MILIEU DE TRAVAIL,4,Discrimination,Discrimination,17
Q69f,Question 69f. What action(s) did you take to address the discrimination you experienced? I filed a grievance or formal complaint.,Question 69f. Quelle(s) mesure(s) avez-vous prise(s) pour régler le problème de discrimination dont vous avez fait l'objet? J'ai déposé un grief ou une plainte officielle. ,WORKPLACE,MILIEU DE TRAVAIL,4,Discrimination,Discrimination,17
Q69g,Question 69g. What action(s) did you take to address the discrimination you experienced? I resolved the matter informally on my own.,Question 69g. Quelle(s) mesure(s) avez-vous prise(s) pour régler le problème de discrimination dont vous avez fait l'objet? J'ai réglé la question de façon informelle par moi-même. ,WORKPLACE,MILIEU DE TRAVAIL,4,Discrimination,Discrimination,17
Q69h,Question 69h. What action(s) did you take to address the discrimination you experienced? Other,Question 69h. Quelle(s) mesure(s) avez-vous prise(s) pour régler le problème de discrimination dont vous avez fait l'objet? Autre,WORKPLACE,MILIEU DE TRAVAIL,4,Discrimination,Discrimination,17
Q69i,Question 69i. What action(s) did you take to address the discrimination you experienced? I took no action.,Question 69i. Quelle(s) mesure(s) avez-vous prise(s) pour régler le problème de discrimination dont vous avez fait l'objet? Je n'ai pris aucune mesure.,WORKPLACE,MILIEU DE TRAVAIL,4,Discrimination,Discrimination,17
Q70a,Question 70a. Why did you not file a grievance or formal complaint about the discrimination you experienced? The issue was resolved.,Question 70a. Pourquoi n'avez-vous pas déposé un grief ou une plainte officielle concernant la discrimination dont vous avez fait l'objet? La situation a été réglée.,WORKPLACE,MILIEU DE TRAVAIL,4,Discrimination,Discrimination,17
Q70b,Question 70b. Why did you not file a grievance or formal complaint about the discrimination you experienced? I did not think the incident was serious enough.,Question 70b. Pourquoi n'avez-vous pas déposé un grief ou une plainte officielle concernant la discrimination dont vous avez fait l'objet? Je ne pensais pas que l'incident était assez grave.,WORKPLACE,MILIEU DE TRAVAIL,4,Discrimination,Discrimination,17
Q70c,Question 70c. Why did you not file a grievance or formal complaint about the discrimination you experienced? The behaviour stopped.,Question 70c. Pourquoi n'avez-vous pas déposé un grief ou une plainte officielle concernant la discrimination dont vous avez fait l'objet? Le comportement s'est arrêté.,WORKPLACE,MILIEU DE TRAVAIL,4,Discrimination,Discrimination,17
Q70d,Question 70d. Why did you not file a grievance or formal complaint about the discrimination you experienced? The individual apologized.,Question 70d. Pourquoi n'avez-vous pas déposé un grief ou une plainte officielle concernant la discrimination dont vous avez fait l'objet? La personne s'est excusée.,WORKPLACE,MILIEU DE TRAVAIL,4,Discrimination,Discrimination,17
Q70e,Question 70e. Why did you not file a grievance or formal complaint about the discrimination you experienced? Management intervened.,Question 70e. Pourquoi n'avez-vous pas déposé un grief ou une plainte officielle concernant la discrimination dont vous avez fait l'objet? La direction est intervenue.,WORKPLACE,MILIEU DE TRAVAIL,4,Discrimination,Discrimination,17
Q70f,Question 70f. Why did you not file a grievance or formal complaint about the discrimination you experienced? The individual left or changed jobs.,Question 70f. Pourquoi n'avez-vous pas déposé un grief ou une plainte officielle concernant la discrimination dont vous avez fait l'objet? La personne a quitté ou changé d'emploi.,WORKPLACE,MILIEU DE TRAVAIL,4,Discrimination,Discrimination,17
Q70g,Question 70g. Why did you not file a grievance or formal complaint about the discrimination you experienced? I changed jobs.,Question 70g. Pourquoi n'avez-vous pas déposé un grief ou une plainte officielle concernant la discrimination dont vous avez fait l'objet? J'ai changé d'emploi.,WORKPLACE,MILIEU DE TRAVAIL,4,Discrimination,Discrimination,17
Q70h,"Question 70h. Why did you not file a grievance or formal complaint about the discrimination you experienced? I did not know what to do, where to go or whom to ask.","Question 70h. Pourquoi n'avez-vous pas déposé un grief ou une plainte officielle concernant la discrimination dont vous avez fait l'objet? Je ne savais pas quoi faire, où aller ou à qui parler.",WORKPLACE,MILIEU DE TRAVAIL,4,Discrimination,Discrimination,17
Q70i,Question 70i. Why did you not file a grievance or formal complaint about the discrimination you experienced? I was too distraught.,Question 70i. Pourquoi n'avez-vous pas déposé un grief ou une plainte officielle concernant la discrimination dont vous avez fait l'objet? J'étais trop bouleversé(e).,WORKPLACE,MILIEU DE TRAVAIL,4,Discrimination,Discrimination,17
Q70j,"Question 70j. Why did you not file a grievance or formal complaint about the discrimination you experienced? I had concerns about the formal complaint process (e.g., confidentiality, how long it would take).","Question 70j. Pourquoi n'avez-vous pas déposé un grief ou une plainte officielle concernant la discrimination dont vous avez fait l'objet? J'avais des préoccupations au sujet du processus formel de plaintes (p. ex., la confidentialité, le temps que prendrait le processus).",WORKPLACE,MILIEU DE TRAVAIL,4,Discrimination,Discrimination,17
Q70k,Question 70k. Why did you not file a grievance or formal complaint about the discrimination you experienced? I was advised against filing a complaint.,Question 70k. Pourquoi n'avez-vous pas déposé un grief ou une plainte officielle concernant la discrimination dont vous avez fait l'objet? On m'a conseillé d'éviter de déposer une plainte.,WORKPLACE,MILIEU DE TRAVAIL,4,Discrimination,Discrimination,17
Q70l,"Question 70l. Why did you not file a grievance or formal complaint about the discrimination you experienced? I was afraid of reprisal (e.g., having limited career advancement, being labelled a troublemaker).","Question 70l. Pourquoi n'avez-vous pas déposé un grief ou une plainte officielle concernant la discrimination dont vous avez fait l'objet? J'avais peur des représailles (p. ex., limiter l'avancement de ma carrière ou porter l'étiquette de fauteur de troubles).",WORKPLACE,MILIEU DE TRAVAIL,4,Discrimination,Discrimination,17
Q70m,Question 70m. Why did you not file a grievance or formal complaint about the discrimination you experienced? Someone threatened me.,Question 70m. Pourquoi n'avez-vous pas déposé un grief ou une plainte officielle concernant la discrimination dont vous avez fait l'objet? Quelqu'un m'a menacé(e).,WORKPLACE,MILIEU DE TRAVAIL,4,Discrimination,Discrimination,17
Q70n,Question 70n. Why did you not file a grievance or formal complaint about the discrimination you experienced? I did not believe it would make a difference.,Question 70n. Pourquoi n'avez-vous pas déposé un grief ou une plainte officielle concernant la discrimination dont vous avez fait l'objet? Je ne croyais pas que cela ferait une différence.,WORKPLACE,MILIEU DE TRAVAIL,4,Discrimination,Discrimination,17
Q70o,Question 70o. Why did you not file a grievance or formal complaint about the discrimination you experienced? I intend to file a grievance or a formal complaint but I have not done so yet.,Question 70o. Pourquoi n'avez-vous pas déposé un grief ou une plainte officielle concernant la discrimination dont vous avez fait l'objet? J'ai l'intention de déposer un grief ou une plainte officielle mais je ne l'ai pas encore fait.,WORKPLACE,MILIEU DE TRAVAIL,4,Discrimination,Discrimination,17
Q70p,Question 70p. Why did you not file a grievance or formal complaint about the discrimination you experienced? Other,Question 70p. Pourquoi n'avez-vous pas déposé un grief ou une plainte officielle concernant la discrimination dont vous avez fait l'objet? Autre,WORKPLACE,MILIEU DE TRAVAIL,4,Discrimination,Discrimination,17
Q71,"Question 71. Having carefully read the definition of discrimination, have you directly witnessed discrimination on the job in the past 12 months?","Question 71. Après avoir lu attentivement la définition de la discrimination, avez-vous été directement témoin de discrimination au travail au cours des 12 derniers mois?",WORKPLACE,MILIEU DE TRAVAIL,4,Discrimination,Discrimination,17
Q72,Question 72. I am satisfied with how matters related to discrimination are resolved in my department or agency. ,Question 72. Je suis satisfait(e) de la manière dont les problèmes de discrimination sont réglés dans mon ministère ou organisme. ,WORKPLACE,MILIEU DE TRAVAIL,4,Discrimination,Discrimination,17
Q73,Question 73. My department or agency works hard to create a workplace that prevents discrimination. ,Question 73. Mon ministère ou organisme met tout en œuvre pour créer un milieu de travail qui prévient la discrimination.,WORKPLACE,MILIEU DE TRAVAIL,4,Discrimination,Discrimination,17
Q74a,"Question 74a. Overall, to what extent do the following factors cause you stress at work? Pay or other compensation-related issues","Question 74a. Dans l'ensemble, dans quelle mesure les facteurs suivants vous causent-ils du stress au travail? Problèmes liés à la paye ou à d'autres aspects de la rémunération",WORKPLACE WELL-BEING,BIEN-ÊTRE EN MILIEU DE TRAVAIL,5,Work-related stress,Stress lié au travail,20
Q74b,"Question 74b. Overall, to what extent do the following factors cause you stress at work? Heavy workload","Question 74b. Dans l'ensemble, dans quelle mesure les facteurs suivants vous causent-ils du stress au travail? Lourde charge de travail",WORKPLACE WELL-BEING,BIEN-ÊTRE EN MILIEU DE TRAVAIL,5,Work-related stress,Stress lié au travail,20
Q74c,"Question 74c. Overall, to what extent do the following factors cause you stress at work? Unreasonable deadlines","Question 74c. Dans l'ensemble, dans quelle mesure les facteurs suivants vous causent-ils du stress au travail? Délais déraisonnables",WORKPLACE WELL-BEING,BIEN-ÊTRE EN MILIEU DE TRAVAIL,5,Work-related stress,Stress lié au travail,20
Q74d,"Question 74d. Overall, to what extent do the following factors cause you stress at work? Not enough employees to do the work","Question 74d. Dans l'ensemble, dans quelle mesure les facteurs suivants vous causent-ils du stress au travail? Pas assez d'employé(e)s pour faire le travail",WORKPLACE WELL-BEING,BIEN-ÊTRE EN MILIEU DE TRAVAIL,5,Work-related stress,Stress lié au travail,20
Q74e,"Question 74e. Overall, to what extent do the following factors cause you stress at work? Overtime or long work hours","Question 74e. Dans l'ensemble, dans quelle mesure les facteurs suivants vous causent-ils du stress au travail? Heures supplémentaires ou longues heures de travail",WORKPLACE WELL-BEING,BIEN-ÊTRE EN MILIEU DE TRAVAIL,5,Work-related stress,Stress lié au travail,20
Q74f,"Question 74f. Overall, to what extent do the following factors cause you stress at work? Balancing work and personal life","Question 74f. Dans l'ensemble, dans quelle mesure les facteurs suivants vous causent-ils du stress au travail? Conciliation travail et vie personnelle",WORKPLACE WELL-BEING,BIEN-ÊTRE EN MILIEU DE TRAVAIL,5,Work-related stress,Stress lié au travail,20
Q74g,"Question 74g. Overall, to what extent do the following factors cause you stress at work? Lack of control or input in decision-making","Question 74g. Dans l'ensemble, dans quelle mesure les facteurs suivants vous causent-ils du stress au travail? Manque de contrôle ou de contribution aux prises de décision",WORKPLACE WELL-BEING,BIEN-ÊTRE EN MILIEU DE TRAVAIL,5,Work-related stress,Stress lié au travail,20
Q74h,"Question 74h. Overall, to what extent do the following factors cause you stress at work? Competing or constantly changing priorities","Question 74h. Dans l'ensemble, dans quelle mesure les facteurs suivants vous causent-ils du stress au travail? Priorités concurrentes ou qui changent constamment",WORKPLACE WELL-BEING,BIEN-ÊTRE EN MILIEU DE TRAVAIL,5,Work-related stress,Stress lié au travail,20
Q74i,"Question 74i. Overall, to what extent do the following factors cause you stress at work? Lack of clear expectations","Question 74i. Dans l'ensemble, dans quelle mesure les facteurs suivants vous causent-ils du stress au travail? Manque d'attentes claires",WORKPLACE WELL-BEING,BIEN-ÊTRE EN MILIEU DE TRAVAIL,5,Work-related stress,Stress lié au travail,20
Q74j,"Question 74j. Overall, to what extent do the following factors cause you stress at work? Lack of recognition","Question 74j. Dans l'ensemble, dans quelle mesure les facteurs suivants vous causent-ils du stress au travail? Manque de reconnaissance",WORKPLACE WELL-BEING,BIEN-ÊTRE EN MILIEU DE TRAVAIL,5,Work-related stress,Stress lié au travail,20
Q74k,"Question 74k. Overall, to what extent do the following factors cause you stress at work? Information overload ","Question 74k. Dans l'ensemble, dans quelle mesure les facteurs suivants vous causent-ils du stress au travail? Surcharge d'information ",WORKPLACE WELL-BEING,BIEN-ÊTRE EN MILIEU DE TRAVAIL,5,Work-related stress,Stress lié au travail,20
Q74l,"Question 74l. Overall, to what extent do the following factors cause you stress at work? Physical work environment","Question 74l. Dans l'ensemble, dans quelle mesure les facteurs suivants vous causent-ils du stress au travail? Environnement de travail physique ",WORKPLACE WELL-BEING,BIEN-ÊTRE EN MILIEU DE TRAVAIL,5,Work-related stress,Stress lié au travail,20
Q74m,"Question 74m. Overall, to what extent do the following factors cause you stress at work? Accessibility or accommodation issues","Question 74m. Dans l'ensemble, dans quelle mesure les facteurs suivants vous causent-ils du stress au travail? Problèmes d'accessibilité ou d'adaptation",WORKPLACE WELL-BEING,BIEN-ÊTRE EN MILIEU DE TRAVAIL,5,Work-related stress,Stress lié au travail,20
Q74n,"Question 74n. Overall, to what extent do the following factors cause you stress at work? Harassment or discrimination","Question 74n. Dans l'ensemble, dans quelle mesure les facteurs suivants vous causent-ils du stress au travail? Harcèlement ou discrimination",WORKPLACE WELL-BEING,BIEN-ÊTRE EN MILIEU DE TRAVAIL,5,Work-related stress,Stress lié au travail,20
Q74o,"Question 74o. Overall, to what extent do the following factors cause you stress at work? Issue(s) with my co-worker(s)","Question 74o. Dans l'ensemble, dans quelle mesure les facteurs suivants vous causent-ils du stress au travail? Problème(s) avec un(e) ou des collègues de travail",WORKPLACE WELL-BEING,BIEN-ÊTRE EN MILIEU DE TRAVAIL,5,Work-related stress,Stress lié au travail,20
Q74p,"Question 74p. Overall, to what extent do the following factors cause you stress at work? Issue(s) with individual(s) with authority over me","Question 74p. Dans l'ensemble, dans quelle mesure les facteurs suivants vous causent-ils du stress au travail? Problème(s) avec un(e) ou des supérieur(e)s",WORKPLACE WELL-BEING,BIEN-ÊTRE EN MILIEU DE TRAVAIL,5,Work-related stress,Stress lié au travail,20
Q74q,"Question 74q. Overall, to what extent do the following factors cause you stress at work? Issue(s) with individual(s) working for me","Question 74q. Dans l'ensemble, dans quelle mesure les facteurs suivants vous causent-ils du stress au travail? Problème(s) avec une ou (des) personne(s) relevant de moi",WORKPLACE WELL-BEING,BIEN-ÊTRE EN MILIEU DE TRAVAIL,5,Work-related stress,Stress lié au travail,20
Q74r,"Question 74r. Overall, to what extent do the following factors cause you stress at work? Issue(s) with other individual(s) (e.g., members of the public, individuals from other departments or agencies) ","Question 74r. Dans l'ensemble, dans quelle mesure les facteurs suivants vous causent-ils du stress au travail? Problème(s) avec d'autres personne(s) (p.ex., un (des) membre(s) du public, personne(s) d'autres ministères ou organismes) ",WORKPLACE WELL-BEING,BIEN-ÊTRE EN MILIEU DE TRAVAIL,5,Work-related stress,Stress lié au travail,20
Q74s,"Question 74s. Overall, to what extent do the following factors cause you stress at work? Lack of job security","Question 74s. Dans l'ensemble, dans quelle mesure les facteurs suivants vous causent-ils du stress au travail? Manque de sécurité d'emploi",WORKPLACE WELL-BEING,BIEN-ÊTRE EN MILIEU DE TRAVAIL,5,Work-related stress,Stress lié au travail,20
Q74t,"Question 74t. Overall, to what extent do the following factors cause you stress at work? Personal issues","Question 74t. Dans l'ensemble, dans quelle mesure les facteurs suivants vous causent-ils du stress au travail? Problèmes personnels",WORKPLACE WELL-BEING,BIEN-ÊTRE EN MILIEU DE TRAVAIL,5,Work-related stress,Stress lié au travail,20
Q75,"Question 75. Overall, my level of work-related stress is... ","Question 75. Dans l'ensemble, mon niveau de stress lié au travail est... ",WORKPLACE WELL-BEING,BIEN-ÊTRE EN MILIEU DE TRAVAIL,5,Work-related stress,Stress lié au travail,20
Q76,"Question 76. After my workday, I feel emotionally drained.","Question 76. Après ma journée de travail, je me sens épuisé(e) émotionnellement.",WORKPLACE WELL-BEING,BIEN-ÊTRE EN MILIEU DE TRAVAIL,5,Work-related stress,Stress lié au travail,20
Q77,Question 77. My department or agency does a good job of raising awareness of mental health in the workplace.,Question 77. Mon ministère ou organisme fait un bon travail de sensibilisation à la santé mentale en milieu de travail.,WORKPLACE WELL-BEING,BIEN-ÊTRE EN MILIEU DE TRAVAIL,5,A psychologically healthy workplace,Milieu de travail sain sur le plan psychologique,19
Q78,Question 78. I would describe my workplace as being psychologically healthy.,Question 78. Je dirais que mon milieu de travail est sain sur le plan psychologique.,WORKPLACE WELL-BEING,BIEN-ÊTRE EN MILIEU DE TRAVAIL,5,A psychologically healthy workplace,Milieu de travail sain sur le plan psychologique,19
Q79,"Question 79. Having carefully read the definition of duty to accommodate, have you requested measures to accommodate your needs in the workplace in the last two years?","Question 79. Après avoir lu attentivement la définition de l’obligation de prendre des mesures d’adaptation, au cours des deux dernières années, avez-vous demandé des mesures d’adaptation afin de répondre à vos besoins en milieu de travail?",WORKPLACE,MILIEU DE TRAVAIL,4,Duty to accommodate,Obligation de prendre des mesures d’adaptation,18
Q80,Question 80. Were any measures taken to accommodate your needs?,Question 80. Est-ce que des mesures d’adaptation quelconques ont été prises pour répondre à vos besoins?,WORKPLACE,MILIEU DE TRAVAIL,4,Duty to accommodate,Obligation de prendre des mesures d’adaptation,18
Q81,Question 81. I am satisfied with the measures that were taken to accommodate my needs.,Question 81. Je suis satisfait(e) par les mesures d’adaptation qui ont été prises pour répondre à mes besoins.,WORKPLACE,MILIEU DE TRAVAIL,4,Duty to accommodate,Obligation de prendre des mesures d’adaptation,18
Q82,Question 82. To what extent has your pay or other compensation been affected by issues with the Phoenix pay system?,Question 82. Dans quelle mesure votre paye ou autre rémunération a-t-elle été touchée par les problèmes du système de paye Phénix?,COMPENSATION,RÉMUNÉRATION,6,Pay or other compensation issues,Problèmes de paye ou de rémunération,21
Q83,Question 83. Have you experienced any new pay or other compensation issues over the last 12 months?,Question 83. Avez-vous eu à composer avec un nouveau problème relatif à votre paie ou à tout autre rémunération au cours des 12 derniers mois?,COMPENSATION,RÉMUNÉRATION,6,Pay or other compensation issues,Problèmes de paye ou de rémunération,21
Q84,Question 84. Have all your pay or other compensation issues been resolved?,Question 84. Est-ce que tous vos problèmes de paye ou autre rémunération ont été réglés?,COMPENSATION,RÉMUNÉRATION,6,Pay or other compensation issues,Problèmes de paye ou de rémunération,21
Q85,"Question 85. I am satisfied with the support (e.g., regular information, follow-up, making enquiries on my behalf, offering emergency or priority pay) I received from my department or agency to help resolve my pay or other compensation issues. ","Question 85. Je suis satisfait(e) du soutien (p. ex., information régulière, suivi, demandes de renseignements en mon nom, paiement d'urgence ou paiement prioritaire) que j'ai reçu de la part de mon ministère ou organisme pour m'aider à régler mes problèmes de paye ou autre rémunération.",COMPENSATION,RÉMUNÉRATION,6,Support to resolve pay or other compensation issues,Soutien afin de régler les problèmes de paye ou autre rémunération,22
Q86,Question 86. I am satisfied with the support I received from the Pay Centre to help resolve my pay or other compensation issues.,Question 86. Je suis satisfait(e) du soutien que j'ai reçu de la part du Centre des services de paye pour m'aider à régler mes problèmes de paye ou autre rémunération.,COMPENSATION,RÉMUNÉRATION,6,Support to resolve pay or other compensation issues,Soutien afin de régler les problèmes de paye ou autre rémunération,22
Q87,"Question 87. To what extent have issues with the Phoenix pay system affected your decision to seek or accept another position (e.g., deployment, promotion, secondment, assignment, acting assignment) within your organization or the federal public service?","Question 87. Dans quelle mesure les problèmes liés au système de paye Phénix ont-ils affecté votre décision de chercher ou d'accepter un autre poste (p. ex. mutation, promotion, détachement, affectation, affectation intérimaire) au sein de votre organisation ou de la fonction publique fédérale?",COMPENSATION,RÉMUNÉRATION,6,Pay or other compensation issues,Problèmes de paye ou de rémunération,21
,,,,,,,,
